First Date,Tour Name,Price On First Date,From Price,Duration,Deposit,All Dates,Booking Link,HTML File
15 May 2026,ABBA Voyage - Live in London,£279pp,From Only £279pp,"3 Days, 2 Nights",Lock in your space with just a £80 deposit!,15 May 2026 - £279pp; 13 November 2026 - £279pp; 27 November 2026 - £279pp; 11 December 2026 - £279pp; 29 January 2027 - £299pp; 26 February 2027 - £299pp; 19 March 2027 - £299pp; 30 April 2027 - £299pp; 07 May 2027 - £299pp; 23 July 2027 - £299pp; 13 August 2027 - £299pp; 24 September 2027 - £299pp; 08 October 2027 - £299pp; 22 October 2027 - £299pp; 12 November 2027 - £299pp; 26 November 2027 - £299pp; 17 December 2027 - £299pp,https://lochlomondtravel.com/itineraries/10135-abba-voyage-live-in-london,abba_voyage_standing.html
22 May 2026,Aberdeenshire Castle Afternoon Tea,£169pp,From Only £169pp,"3 Days, 2 Nights",Lock in your space with just a £35 deposit!,22 May 2026 - £169pp; 12 June 2026 - £169pp; 10 July 2026 - £169pp; 14 August 2026 - £169pp; 11 September 2026 - £169pp; 23 October 2026 - £169pp,https://lochlomondtravel.com/itineraries/10296-aberdeenshire-castle-afternoon-tea,aberdeenshire_castle_afternoon_tea.html
22 May 2026,Afternoon Tea on a Steam Train,£249pp,From Only £239pp,"3 Days, 2 Nights",Lock in your space with just a £35 deposit!,22 May 2026 - £249pp; 24 July 2026 - £269pp; 21 August 2026 - £269pp; 25 September 2026 - £269pp; 09 October 2026 - £239pp,https://lochlomondtravel.com/itineraries/9788-afternoon-tea-on-a-steam-train,afternoon_tea_steam_train.html
23 May 2026,Mystery Weekend,£89pp,From Only £79pp,"2 Days, 1 Night",Lock in your space with a £35 deposit!,23 May 2026 - £89pp; 30 May 2026 - £89pp; 13 June 2026 - £89pp; 20 June 2026 - £89pp; 27 June 2026 - £89pp; 11 July 2026 - £89pp; 25 July 2026 - £89pp; 15 August 2026 - £89pp; 22 August 2026 - £89pp; 12 September 2026 - £89pp; 26 September 2026 - £89pp; 03 October 2026 - £89pp; 10 October 2026 - £89pp; 17 October 2026 - £79pp; 24 October 2026 - £79pp; 07 November 2026 - £79pp; 14 November 2026 - £79pp; 21 November 2026 - £79pp,https://lochlomondtravel.com/itineraries/9759-mystery-weekend,mystery_weekend.html
29 May 2026,York,£279pp,From Only £249pp,"4 Days, 3 Nights",Lock in your space with just a £45 deposit!,29 May 2026 - £279pp; 26 June 2026 - £269pp; 07 August 2026 - £269pp; 25 September 2026 - £269pp; 23 October 2026 - £259pp; 20 November 2026 - £249pp,https://lochlomondtravel.com/itineraries/9753-york,york.html
30 May 2026,Holy Island & Beamish,£119pp,From Only £119pp,"2 Days, 1 Night",Lock in your space with a £35 deposit!,30 May 2026 - £119pp; 20 June 2026 - £119pp; 31 July 2026 - £119pp; 29 August 2026 - £119pp; 19 September 2026 - £119pp,https://lochlomondtravel.com/itineraries/10354-holy-island-and-beamish,holy_island_beamish.html
06 June 2026,Chillingham Castle Ghost Tour,£139pp,From Only £139pp,"2 Days, 1 Night",Lock in your space with a £35 deposit!,06 June 2026 - £139pp; 04 July 2026 - £139pp; 01 August 2026 - £139pp; 19 September 2026 - £139pp; 03 October 2026 - £139pp; 07 November 2026 - £139pp; 21 November 2026 - £139pp,https://lochlomondtravel.com/itineraries/9953-chillingham-castle-ghost-tour,chillingham.html
12 June 2026,Belfast City Break,£299pp,From Only £279pp,"3 Days, 2 Nights",Lock in your space with just a £35 deposit!,12 June 2026 - £299pp; 17 July 2026 - £299pp; 14 August 2026 - £299pp; 25 September 2026 - £289pp; 09 October 2026 - £279pp; 20 November 2026 - £279pp; 04 December 2026 - £279pp,https://lochlomondtravel.com/itineraries/9985-belfast-city-break,belfast_city.html
12 June 2026,Chatsworth & The Cotswolds,£269pp,From Only £259pp,"4 Days, 3 Nights",Lock in your space with just a £45 deposit!,12 June 2026 - £269pp; 10 July 2026 - £269pp; 07 August 2026 - £269pp; 25 September 2026 - £259pp; 16 October 2026 - £259pp,https://lochlomondtravel.com/itineraries/10427-chatsworth-and-the-cotswolds-at-the-bosworth-hall,chatsworth_cotswods.html
13 June 2026,Lake District Cruise & Steam,£129pp,From Only £119pp,"2 Days, 1 Night",Lock in your space with a £35 deposit!,13 June 2026 - £129pp; 25 July 2026 - £129pp; 22 August 2026 - £129pp; 19 September 2026 - £119pp; 03 October 2026 - £119pp,https://lochlomondtravel.com/itineraries/10020-lake-district-cruise-and-steam,lake_district_cruise_steam_two_day.html
13 June 2026,Lunch at the Woolpack,£119pp,From Only £119pp,"2 Days, 1 Night",Lock in your space with a £35 deposit!,13 June 2026 - £119pp; 11 July 2026 - £119pp; 08 August 2026 - £119pp; 26 September 2026 - £119pp; 03 October 2026 - £119pp,https://lochlomondtravel.com/itineraries/10264-lunch-at-the-woolpack,lunch_woolpack.html
19 June 2026,Lakes & Lancashire Coast,£179pp,From Only £179pp,"3 Days, 2 Nights",Lock in your space with just a £35 deposit!,19 June 2026 - £179pp; 17 July 2026 - £179pp; 28 August 2026 - £179pp; 09 October 2026 - £179pp,https://lochlomondtravel.com/itineraries/10151-lakes-and-lancashire-coast,lakes_lancashire_cost.html
19 June 2026,Mull & Tobermory,£219pp,From Only £219pp,"3 Days, 2 Nights",Lock in your space with just a £35 deposit!,19 June 2026 - £219pp; 17 July 2026 - £229pp; 14 August 2026 - £229pp; 18 September 2026 - £229pp; 02 October 2026 - £219pp,https://lochlomondtravel.com/itineraries/10052-mull-and-tobermory,mull_tobermory.html
19 June 2026,Yorkshire Steam Cream Tea,£199pp,From Only £179pp,"3 Days, 2 Nights",Lock in your space with just a £35 deposit!,19 June 2026 - £199pp; 24 July 2026 - £179pp; 07 August 2026 - £179pp; 21 August 2026 - £179pp; 09 October 2026 - £179pp,https://lochlomondtravel.com/itineraries/9797-yorkshire-steam-cream-tea,yorkshire_steam_cream_tea.html
20 June 2026,Alton Towers,£149pp,From Only £149pp,"2 Days, 1 Night",Lock in your space with a £35 deposit!,20 June 2026 - £149pp; 11 July 2026 - £149pp; 25 July 2026 - £149pp; 01 August 2026 - £149pp; 08 August 2026 - £149pp; 26 September 2026 - £149pp,https://lochlomondtravel.com/itineraries/9884-alton-towers,alton_towers.html
20 June 2026,The Greatest Railway Journey,£199pp,From Only £199pp,"2 Days, 1 Night",Lock in your space with a £35 deposit!,20 June 2026 - £199pp; 18 July 2026 - £199pp; 08 August 2026 - £199pp; 29 August 2026 - £199pp; 26 September 2026 - £199pp,https://lochlomondtravel.com/itineraries/10096-greatest-railway-journey-in-the-world,greatest_railway_journey.html
20 June 2026,Loch Lomond Weekend Live,£119pp,From Only £79pp,"2 Days, 1 Night",Lock in your space with a £35 deposit!,20 June 2026 - £119pp; 18 July 2026 - £119pp; 22 August 2026 - £119pp; 26 September 2026 - £109pp; 10 October 2026 - £119pp; 21 November 2026 - £79pp; 05 December 2026 - £79pp,https://lochlomondtravel.com/itineraries/10018-loch-lomond-weekend-live,loch_lomond_live.html
21 June 2026,"Liverpool, Mersey Ferries & Musical History Tour",£99pp,From Only £99pp,"2 Days, 1 Night",Lock in your space with a £35 deposit!,21 June 2026 - £99pp; 12 July 2026 - £99pp; 23 August 2026 - £99pp; 27 September 2026 - £99pp; 11 October 2026 - £99pp; 06 December 2026 - £99pp,https://lochlomondtravel.com/itineraries/10037-liverpool-mersey-ferries-and-musical-history-tour,liverpool_mersey.html
26 June 2026,Festival of Flight,£229pp,From Only £229pp,"3 Days, 2 Nights",Lock in your space with just a £35 deposit!,26 June 2026 - £229pp,https://lochlomondtravel.com/itineraries/10361-festival-of-flight,festival_of_flight.html
26 June 2026,Fort William & Skye,£339pp,From Only £179pp,"3 Days, 2 Nights",Lock in your space with just a £35 deposit!,26 June 2026 - £339pp; 09 October 2026 - £299pp; 13 November 2026 - £179pp; 27 November 2026 - £229pp,https://lochlomondtravel.com/itineraries/10351-fort-william-and-skye,fort_william_skye_ben_nevis.html
26 June 2026,Legoland,£219pp,From Only £219pp,"3 Days, 2 Nights",Lock in your space with just a £35 deposit!,26 June 2026 - £219pp; 31 July 2026 - £219pp; 25 September 2026 - £219pp; 16 October 2026 - £219pp,https://lochlomondtravel.com/itineraries/10076-legoland,legoland.html
26 June 2026,North Coast 500 & Orkney,£449pp,From Only £449pp,"4 Days, 3 Nights",Lock in your space with just a £45 deposit!,26 June 2026 - £449pp; 24 July 2026 - £449pp; 21 August 2026 - £449pp; 20 September 2026 - £449pp,https://lochlomondtravel.com/itineraries/10064-north-coast-500-and-orkney,nc500_orkney.html
26 June 2026,"Oban, Mull & Iona",£319pp,From Only £319pp,"3 Days, 2 Nights",Lock in your space with just a £35 deposit!,26 June 2026 - £319pp; 24 July 2026 - £339pp; 21 August 2026 - £349pp,https://lochlomondtravel.com/itineraries/9960-oban-mull-and-iona,oban_mull_iona.html
26 June 2026,Scarborough,£169pp,From Only £169pp,"3 Days, 2 Nights",Lock in your space with just a £35 deposit!,26 June 2026 - £169pp; 24 July 2026 - £169pp; 14 August 2026 - £169pp; 18 September 2026 - £169pp; 23 October 2026 - £169pp,https://lochlomondtravel.com/itineraries/9801-scarborough,scarborough.html
27 June 2026,Coronation Street,£149pp,From Only £139pp,"2 Days, 1 Night",Lock in your space with a £35 deposit!,27 June 2026 - £149pp; 11 July 2026 - £139pp; 25 July 2026 - £139pp; 22 August 2026 - £139pp; 26 September 2026 - £139pp; 10 October 2026 - £139pp; 14 November 2026 - £139pp,https://lochlomondtravel.com/itineraries/9864-coronation-street,coronation_street.html
03 July 2026,Fort William & Skye,£349pp,From Only £339pp,"3 Days, 2 Nights",Lock in your space with just a £35 deposit!,03 July 2026 - £349pp; 28 August 2026 - £359pp; 18 September 2026 - £339pp,https://lochlomondtravel.com/itineraries/10012-fort-william-and-skye,fort_william_skye_alexandra.html
03 July 2026,Highland Wildlife Park,£239pp,From Only £239pp,"3 Days, 2 Nights",Lock in your space with just a £35 deposit!,03 July 2026 - £239pp; 28 August 2026 - £239pp; 18 September 2026 - £239pp,https://lochlomondtravel.com/itineraries/10421-highland-wildlife-park,highland_wildlife_park.html
10 July 2026,Lake District Cruise & Steam,£199pp,From Only £199pp,"3 Days, 2 Nights",Lock in your space with a £35 deposit!,10 July 2026 - £199pp; 21 August 2026 - £199pp; 25 September 2026 - £199pp,https://lochlomondtravel.com/itineraries/9961-lake-district-cruise-and-steam,lake_district_cruise_steam_three_day.html
11 July 2026,Chester & Chester Zoo,£129pp,From Only £129pp,"2 Days, 1 Night",Lock in your space with a £35 deposit!,11 July 2026 - £129pp; 10 October 2026 - £129pp,https://lochlomondtravel.com/itineraries/10147-chester-and-chester-zoo,chester_zoo.html
11 July 2026,Tatton Park Cream Tea & Liverpool,£119pp,From Only £119pp,"2 Days, 1 Night",Lock in your space with a £35 deposit!,11 July 2026 - £119pp; 15 August 2026 - £119pp; 26 September 2026 - £119pp; 10 October 2026 - £119pp,https://lochlomondtravel.com/itineraries/10393-tatton-park-cream-tea-and-liverpool,tatton_park_cream_tea.html
17 July 2026,Landmark Forest Adventure Park,£249pp,From Only £249pp,"3 Days, 2 Nights",Lock in your space with just a £35 deposit!,17 July 2026 - £249pp,https://lochlomondtravel.com/itineraries/10422-landmark-forest-adventure-park,landmark_forest.html
18 July 2026,Drayton Manor,£149pp,From Only £149pp,"2 Days, 1 Night",Lock in your space with a £35 deposit!,18 July 2026 - £149pp,https://lochlomondtravel.com/itineraries/10462-drayton-manor,drayton_manor.html
24 July 2026,UK Military Memorial Tour,£179pp,From Only £179pp,"3 Days, 2 Nights",Lock in your space with a £35 deposit!,24 July 2026 - £179pp; 11 September 2026 - £179pp,https://lochlomondtravel.com/itineraries/10183-uk-military-memorial-tour,uk_military_memorial.html
31 July 2026,Liverpool at the Atlantic Tower Hotel,£249pp,From Only £229pp,"3 Days, 2 Nights",Lock in your space with just a £35 deposit!,31 July 2026 - £249pp; 28 August 2026 - £239pp; 16 October 2026 - £229pp; 13 November 2026 - £229pp; 04 December 2026 - £229pp,https://lochlomondtravel.com/itineraries/10345-liverpool-at-the-atlantic-tower-hotel,atlantic_tower_liverpool.html
31 July 2026,Thorpe Park,£219pp,From Only £219pp,"3 Days, 2 Nights",Lock in your space with just a £35 deposit!,31 July 2026 - £219pp,https://lochlomondtravel.com/itineraries/10182-thorpe-park,thorpe_park.html
01 August 2026,PLouise City & Trafford Centre,£99pp,From Only £99pp,"2 Days, 1 Night",Lock in your space with a £35 deposit!,01 August 2026 - £99pp; 08 August 2026 - £99pp; 15 August 2026 - £99pp; 22 August 2026 - £99pp; 29 August 2026 - £99pp; 05 September 2026 - £99pp; 12 September 2026 - £99pp; 19 September 2026 - £99pp; 26 September 2026 - £99pp,https://lochlomondtravel.com/itineraries/10237-plouise-city-and-trafford-centre,plouise.html
07 August 2026,Longleat Safari Park,£229pp,From Only £229pp,"3 Days, 2 Nights",Lock in your space with just a £35 deposit!,07 August 2026 - £229pp; 11 September 2026 - £229pp; 09 October 2026 - £229pp,https://lochlomondtravel.com/itineraries/10384-longleat-safari-park,longleat.html
08 August 2026,Liverpool Legends Stadium Tour,£169pp,From Only £169pp,"2 Days, 1 Night",Lock in your space with a £50 deposit!,08 August 2026 - £169pp; 10 October 2026 - £169pp; 27 March 2027 - £169pp; 15 May 2027 - £169pp,https://lochlomondtravel.com/itineraries/10231-liverpool-legends-stadium-tour,liverpool_legends.html
08 August 2026,Party Weekend at The Waterside,£99pp,From Only £79pp,"2 Days, 1 Night",Lock in your space with a £35 deposit!,08 August 2026 - £99pp; 19 September 2026 - £79pp; 17 October 2026 - £79pp; 31 October 2026 - £79pp; 07 November 2026 - £79pp; 14 November 2026 - £79pp; 21 November 2026 - £79pp; 28 November 2026 - £89pp; 05 December 2026 - £79pp; 12 December 2026 - £79pp; 19 December 2026 - £79pp,https://lochlomondtravel.com/itineraries/10272-party-weekend-at-the-waterside,party_weekend_waterside.html
15 August 2026,St Annes 1940's,£99pp,From Only £99pp,"2 Days, 1 Night",Lock in your space with a £35 deposit!,15 August 2026 - £99pp,https://lochlomondtravel.com/itineraries/10035-st-annes-1940s-2026,st_anne_1940.html
20 August 2026,Bridgerton & Bath,£239pp,From Only £239pp,"3 Days, 2 Nights",Lock in your space with just a £35 deposit!,20 August 2026 - £239pp; 27 August 2026 - £239pp,https://lochlomondtravel.com/itineraries/10430-bridgerton-and-bath,brigeton.html
04 September 2026,Mamma Mia! The Party - Live in London,£349pp,From Only £349pp,"3 Days, 2 Nights",Lock in your space with just a £130 deposit!,04 September 2026 - £349pp,https://lochlomondtravel.com/itineraries/10452-mamma-mia-the-party-live-in-london,mamma_mia_party.html
19 September 2026,Grassington 1940's,£99pp,From Only £99pp,"2 Days, 1 Night",Lock in your space with a £35 deposit!,19 September 2026 - £99pp,https://lochlomondtravel.com/itineraries/10033-grassington-1940s-2026,grassington_1940.html
03 October 2026,Pussy Cat Dolls - Live in Liverpool,£199pp,From Only £199pp,"2 Days, 1 Night",Lock in your space with just a £95 deposit!,03 October 2026 - £199pp,https://lochlomondtravel.com/itineraries/10453-pussy-cat-dolls-live-in-liverpool,pussycatdolls.html
09 October 2026,Hull Fair,£179pp,From Only £179pp,"3 Days, 2 Nights",Lock in your space with just a £35 deposit!,09 October 2026 - £179pp,https://lochlomondtravel.com/itineraries/10356-hull-fair,hull_fair.html
12 October 2026,Enchanted Forest,£159pp,From Only £159pp,"2 Days, 1 Night",Lock in your space with a £35 deposit!,12 October 2026 - £159pp; 17 October 2026 - £159pp; 24 October 2026 - £159pp; 25 October 2026 - £159pp,https://lochlomondtravel.com/itineraries/10088-enchanted-forest,enchanted_forest.html
17 October 2026,Alton Towers Scarefest,£139pp,From Only £139pp,"2 Days, 1 Night",Lock in your space with just a £35 deposit,17 October 2026 - £139pp; 24 October 2026 - £139pp; 31 October 2026 - £139pp,https://lochlomondtravel.com/itineraries/10330-alton-towers-scarefest,alton_scarefest.html
18 October 2026,Westlife - Live in Birmingham,£199pp,From Only £199pp,"2 Days, 1 Night",Lock in your space with just a £75 deposit!,18 October 2026 - £199pp,https://lochlomondtravel.com/itineraries/10304-westlife-live-in-birmingham,westlife_birmingham.html
12 February 2027,ABBA Voyage - Live in London,£299pp,From Only £299pp,"3 Days, 2 Nights",Lock in your space with just a £80 deposit!,12 February 2027 - £299pp; 05 March 2027 - £299pp; 23 April 2027 - £299pp; 04 June 2027 - £299pp; 09 July 2027 - £299pp; 27 August 2027 - £299pp; 03 December 2027 - £299pp,https://lochlomondtravel.com/itineraries/10335-abba-voyage-live-in-london-seated-tickets,abba_voyage_seated.html
